-- phpMyAdmin SQL Dump
-- version 4.7.9
-- https://www.phpmyadmin.net/
--
-- Servidor: 127.0.0.1:3306
-- Tiempo de generación: 25-05-2018 a las 06:13:15
-- Versión del servidor: 5.7.21
-- Versión de PHP: 5.6.35

SET SQL_MODE = "NO_AUTO_VALUE_ON_ZERO";
SET AUTOCOMMIT = 0;
START TRANSACTION;
SET time_zone = "+00:00";


/*!40101 SET @OLD_CHARACTER_SET_CLIENT=@@CHARACTER_SET_CLIENT */;
/*!40101 SET @OLD_CHARACTER_SET_RESULTS=@@CHARACTER_SET_RESULTS */;
/*!40101 SET @OLD_COLLATION_CONNECTION=@@COLLATION_CONNECTION */;
/*!40101 SET NAMES utf8mb4 */;

--
-- Base de datos: `birdbeep`
--

--
-- Volcado de datos para la tabla `conexiones`
--

INSERT INTO `conexiones` (`IDCONEXION`, `IP`, `USUARIO`, `ULTIMA_ACTUALIZACION`) VALUES
(22, '/192.168.56.1', 'client1', '0001-03-05 00:00:00'),
(23, '/192.168.56.1', 'client1', '0001-03-05 00:00:00'),
(24, '/192.168.56.1', 'client1', '0001-03-05 00:00:00'),
(25, '/192.168.56.1', 'client1', '0001-03-05 00:00:00'),
(26, '/192.168.56.1', 'client1', '0001-03-05 00:00:00'),
(27, '/192.168.56.1', 'client1', '0001-03-05 00:00:00'),
(28, '/192.168.56.1', 'client1', '0001-03-05 00:00:00'),
(29, '/192.168.56.1', 'client1', '0001-03-05 00:00:00'),
(30, '/192.168.56.1', 'client1', '0001-03-05 00:00:00'),
(31, '/192.168.56.1', 'client1', '0001-03-05 00:00:00'),
(32, '/192.168.56.1', 'client1', '0001-03-05 00:00:00'),
(33, '/192.168.56.1', 'client1', '0001-03-05 00:00:00'),
(34, '/192.168.56.1', 'client1', '0001-03-05 00:00:00'),
(35, '/192.168.56.1', 'client1', '0001-03-05 00:00:00'),
(36, '/192.168.56.1', 'client1', '0001-03-05 00:00:00'),
(37, '/192.168.56.1', 'client1', '0001-03-05 00:00:00'),
(38, '/192.168.56.1', 'client1', '0001-03-05 00:00:00'),
(39, '/192.168.56.1', 'client1', '0001-03-05 00:00:00'),
(40, '/192.168.56.1', 'client1', '0001-03-05 00:00:00'),
(41, '/192.168.56.1', 'client1', '0001-03-05 00:00:00'),
(42, '/192.168.56.1', 'client1', '0001-03-05 00:00:00'),
(43, '/192.168.56.1', 'client1', '0001-03-05 00:00:00'),
(44, '/192.168.56.1', 'client1', '0001-03-05 00:00:00'),
(45, '/192.168.56.1', 'client1', '0001-03-05 00:00:00'),
(46, '/192.168.56.1', 'client1', '0001-03-05 00:00:00'),
(47, '/192.168.56.1', 'client1', '0001-03-05 00:00:00'),
(48, '/192.168.56.1', 'client1', '0001-03-05 00:00:00'),
(49, '/192.168.56.1', 'client1', '0001-03-05 00:00:00'),
(50, '/192.168.56.1', 'client1', '0001-03-05 00:00:00'),
(51, '/192.168.56.1', 'client1', '0001-03-05 00:00:00'),
(52, '/192.168.56.1', 'client1', '0001-03-05 00:00:00'),
(53, '/192.168.56.1', 'client1', '0001-03-05 00:00:00'),
(54, '/192.168.56.1', 'client1', '0001-03-05 00:00:00'),
(55, '/192.168.56.1', 'client3', '0001-03-05 00:00:00'),
(56, '/192.168.56.1', 'client3', '0001-03-05 00:00:00'),
(57, '/192.168.56.1', 'client1', '0001-03-05 00:00:00'),
(58, '/192.168.56.1', 'client1', '0001-03-05 00:00:00'),
(59, '/192.168.198.1', 'client1', '0001-03-05 00:00:00'),
(60, '/192.168.198.1', 'client1', '0001-03-05 00:00:00'),
(61, '/192.168.198.1', 'client1', '0001-03-05 00:00:00'),
(62, '/192.168.198.1', 'client1', '0001-03-05 00:00:00'),
(63, '/192.168.198.1', 'client1', '0001-03-05 00:00:00'),
(64, '/192.168.198.1', 'client1', '0001-03-05 00:00:00'),
(65, '/192.168.198.1', 'client1', '0001-03-05 00:00:00'),
(66, '/192.168.198.1', 'client1', '0001-03-05 00:00:00'),
(67, '/192.168.198.1', 'client1', '0001-03-05 00:00:00'),
(68, '/192.168.198.1', 'client1', '0001-03-05 00:00:00'),
(69, '/192.168.198.1', 'client1', '0001-03-05 00:00:00'),
(70, '/192.168.198.1', 'client1', '0001-03-05 00:00:00'),
(71, '/192.168.198.1', 'client1', '0001-03-05 00:00:00'),
(72, '/192.168.198.1', 'client1', '0001-03-05 00:00:00'),
(73, '/192.168.198.1', 'client1', '0001-03-05 00:00:00'),
(74, '/192.168.198.1', 'client1', '0001-03-05 00:00:00'),
(75, '/192.168.198.1', 'client1', '0001-03-05 00:00:00'),
(76, '/192.168.198.1', 'client1', '0001-03-05 00:00:00'),
(77, '/192.168.198.1', 'client1', '0001-03-05 00:00:00'),
(78, '/192.168.198.1', 'client1', '0001-03-05 00:00:00'),
(79, '/192.168.198.1', 'client1', '0001-03-05 00:00:00'),
(80, '/192.168.198.1', 'client1', '0001-03-05 00:00:00'),
(81, '/192.168.198.1', 'client1', '0001-03-05 00:00:00'),
(82, '/192.168.198.1', 'client1', '0001-03-05 00:00:00'),
(83, '/192.168.198.1', 'client1', '0001-03-05 00:00:00'),
(84, '/192.168.198.1', 'client1', '0001-03-05 00:00:00'),
(85, '/192.168.198.1', NULL, '0001-03-05 00:00:00'),
(86, '/192.168.198.1', 'client1', '0001-03-05 00:00:00'),
(87, '/192.168.198.1', 'client1', '0001-03-05 00:00:00'),
(88, '/192.168.198.1', 'client1', '0001-03-05 00:00:00'),
(89, '/192.168.198.1', 'client1', '0001-03-05 00:00:00'),
(90, '/192.168.198.1', 'client1', '0001-03-05 00:00:00'),
(91, '/192.168.198.1', 'client1', '0001-03-05 00:00:00'),
(92, '/192.168.198.1', 'client1', '0001-03-05 00:00:00'),
(93, '/192.168.198.1', 'client1', '0001-03-05 00:00:00'),
(94, '/192.168.198.1', 'client1', '0001-03-05 00:00:00'),
(95, '/192.168.198.1', 'client1', '0001-03-05 00:00:00'),
(96, '/192.168.198.1', 'client1', '0001-03-05 00:00:00'),
(97, '/192.168.198.1', 'client1', '0001-03-05 00:00:00'),
(98, '/192.168.198.1', 'client1', '0001-03-05 00:00:00'),
(99, '/192.168.198.1', 'client1', '0001-03-05 00:00:00'),
(100, '/192.168.198.1', 'client1', '0001-03-05 00:00:00'),
(101, '/192.168.198.1', 'client1', '0001-03-05 00:00:00'),
(102, '/192.168.198.1', 'client1', '0001-03-05 00:00:00'),
(103, '/192.168.198.1', 'client1', '0001-03-05 00:00:00'),
(104, '/192.168.198.1', 'client1', '0001-03-05 00:00:00'),
(105, '/192.168.198.1', 'client1', '0001-03-05 00:00:00'),
(106, '/192.168.198.1', 'client1', '0001-03-05 00:00:00'),
(107, '/192.168.198.1', 'client1', '0001-03-05 00:00:00'),
(108, '/192.168.198.1', 'client1', '0001-03-05 00:00:00'),
(109, '/192.168.198.1', 'client1', '0001-03-05 00:00:00'),
(110, '/192.168.198.1', 'client1', '0001-03-05 00:00:00'),
(111, '/192.168.198.1', 'client1', '0001-03-05 00:00:00'),
(112, '/192.168.198.1', 'client1', '0001-03-05 00:00:00'),
(113, '/192.168.198.1', 'client1', '0001-03-05 00:00:00'),
(114, '/192.168.198.1', 'client1', '0001-03-05 00:00:00'),
(115, '/192.168.198.1', 'client1', '0001-03-05 00:00:00'),
(116, '/192.168.198.1', 'client1', '0001-03-05 00:00:00'),
(117, '/192.168.198.1', 'client1', '0001-03-05 00:00:00'),
(118, '/192.168.198.1', 'client1', '0001-03-05 00:00:00'),
(119, '/192.168.198.1', 'client1', '0001-03-05 00:00:00'),
(120, '/192.168.198.1', 'client1', '0001-03-05 00:00:00'),
(121, '/192.168.198.1', 'client1', '0001-03-05 00:00:00'),
(122, '/192.168.198.1', 'client1', '0001-03-05 00:00:00'),
(123, '/192.168.198.1', 'client1', '0001-03-05 00:00:00'),
(124, '/192.168.198.1', 'client1', '0001-03-05 00:00:00'),
(125, '/192.168.198.1', 'client1', '0001-03-05 00:00:00'),
(126, '/192.168.198.1', 'client1', '0001-03-05 00:00:00'),
(127, '/192.168.198.1', 'client1', '0001-03-05 00:00:00'),
(128, '/192.168.198.1', 'client1', '0001-03-05 00:00:00'),
(129, '/192.168.198.1', 'client1', '0001-03-05 00:00:00'),
(130, '/192.168.198.1', 'client1', '0001-03-05 00:00:00'),
(131, '/192.168.198.1', 'client1', '0001-03-05 00:00:00'),
(132, '/192.168.198.1', 'client1', '0001-03-05 00:00:00'),
(133, '/192.168.198.1', 'client1', '0001-03-05 00:00:00'),
(134, '/192.168.198.1', 'client1', '0001-03-05 00:00:00'),
(135, '/192.168.198.1', 'client1', '0001-03-05 00:00:00'),
(136, '/192.168.198.1', 'client1', '0001-03-05 00:00:00'),
(137, '/192.168.198.1', 'client1', '0001-03-05 00:00:00'),
(138, '/192.168.198.1', 'client1', '0001-03-05 00:00:00'),
(139, '/192.168.198.1', 'client1', '0001-03-05 00:00:00'),
(140, '/192.168.198.1', 'client1', '0001-03-05 00:00:00'),
(141, '/192.168.198.1', 'client1', '0001-03-05 00:00:00'),
(142, '/192.168.198.1', 'client1', '0001-03-05 00:00:00'),
(143, '/192.168.198.1', 'client1', '0001-03-05 00:00:00'),
(144, '/192.168.198.1', 'client1', '0001-03-05 00:00:00'),
(145, '/192.168.198.1', 'client1', '0001-03-05 00:00:00'),
(146, '/192.168.198.1', 'client1', '0001-03-05 00:00:00'),
(147, '/192.168.198.1', 'client1', '0001-03-05 00:00:00'),
(148, '/192.168.198.1', 'client1', '0001-03-05 00:00:00'),
(149, '/192.168.198.1', 'client1', '0001-03-05 00:00:00'),
(150, '/192.168.198.1', 'client1', '0001-03-05 00:00:00'),
(151, '/192.168.198.1', 'client1', '0001-03-05 00:00:00'),
(152, '/192.168.198.1', 'client1', '0001-03-05 00:00:00'),
(153, '/192.168.198.1', 'client1', '0001-03-05 00:00:00'),
(154, '/192.168.198.1', 'client1', '0001-03-05 00:00:00'),
(155, '/192.168.198.1', 'client1', '0001-03-05 00:00:00'),
(156, '/192.168.198.1', 'client1', '0001-03-05 00:00:00'),
(157, '/192.168.198.1', 'client1', '0001-03-05 00:00:00'),
(158, '/192.168.198.1', 'client1', '0001-03-05 00:00:00'),
(159, '/192.168.198.1', 'client1', '0001-03-05 00:00:00'),
(160, '/192.168.198.1', 'client1', '0001-03-05 00:00:00'),
(161, '/192.168.198.1', 'client1', '0001-03-05 00:00:00'),
(162, '/192.168.198.1', 'client1', '0001-03-05 00:00:00'),
(163, '/192.168.198.1', 'client1', '0001-03-05 00:00:00'),
(164, '/192.168.198.1', 'client1', '0001-03-05 00:00:00'),
(165, '/192.168.198.1', 'client1', '0001-03-05 00:00:00'),
(166, '/192.168.198.1', 'client1', '0001-03-05 00:00:00'),
(167, '/192.168.198.1', 'client1', '0001-03-05 00:00:00'),
(168, '/192.168.198.1', 'client1', '0001-03-05 00:00:00'),
(169, '/192.168.198.1', 'client1', '0001-03-05 00:00:00'),
(170, '/192.168.198.1', 'client1', '0001-03-05 00:00:00'),
(171, '/192.168.198.1', 'client1', '0001-03-05 00:00:00'),
(172, '/192.168.198.1', 'client1', '0001-03-05 00:00:00'),
(173, '/192.168.198.1', 'client1', '0001-03-05 00:00:00'),
(174, '/192.168.198.1', 'client1', '0001-03-05 00:00:00'),
(175, '/192.168.198.1', 'client1', '0001-03-05 00:00:00'),
(176, '/192.168.198.1', 'client1', '0001-03-05 00:00:00'),
(177, '/192.168.198.1', 'client1', '0001-03-05 00:00:00'),
(178, '/192.168.198.1', 'client1', '0001-03-05 00:00:00'),
(179, '/192.168.198.1', 'client1', '0001-03-05 00:00:00'),
(180, '/192.168.198.1', 'client1', '0001-03-05 00:00:00'),
(181, '/192.168.198.1', 'client1', '0001-03-05 00:00:00'),
(182, '/192.168.198.1', 'client1', '0001-03-05 00:00:00'),
(183, '/192.168.198.1', 'client1', '0001-03-05 00:00:00'),
(184, '/192.168.198.1', 'client1', '0001-03-05 00:00:00'),
(185, '/192.168.198.1', 'client1', '0001-03-05 00:00:00'),
(186, '/192.168.198.1', 'client1', '0001-03-05 00:00:00'),
(187, '/192.168.198.1', 'client1', '0001-03-05 00:00:00'),
(188, '/192.168.198.1', 'client1', '0001-03-05 00:00:00'),
(189, '/192.168.198.1', 'client1', '0001-03-05 00:00:00'),
(190, '/192.168.198.1', 'client1', '0001-03-05 00:00:00'),
(191, '/192.168.198.1', 'client1', '0001-03-05 00:00:00'),
(192, '/192.168.198.1', 'client1', '0001-03-05 00:00:00'),
(193, '/192.168.198.1', 'client1', '0001-03-05 00:00:00'),
(194, '/192.168.198.1', 'client1', '0001-03-05 00:00:00');

--
-- Volcado de datos para la tabla `conversaciones`
--

INSERT INTO `conversaciones` (`IDCONVERSACION`) VALUES
('conv01');

--
-- Volcado de datos para la tabla `mensajes`
--

INSERT INTO `mensajes` (`IDMENSAJE`, `EMISOR`, `RECEPTOR`, `TEXTO`, `CONVERSACION`, `FECHA`) VALUES
(1, 'client1', 'client1', 'Hola Ruben', 'conv01', '2018-05-10 22:06:48'),
(2, 'client3', 'client1', 'Hola Sebas', 'conv01', '2018-05-24 18:37:12'),
(3, 'client1', 'client1', '¿Qué tal?', 'conv01', '2018-05-24 18:40:52'),
(4, 'client3', 'client1', 'Bien, ¿y tú?', 'conv01', '2018-05-24 18:40:52'),
(5, 'client1', 'client1', 'Que guay que esta la aplicación Birbeep', 'conv01', '2018-05-10 22:06:48');

--
-- Volcado de datos para la tabla `participantes`
--

INSERT INTO `participantes` (`USER`, `IDCONVERSACION`) VALUES
('client1', 'conv01'),
('client3', 'conv01');

--
-- Volcado de datos para la tabla `usuarios`
--

INSERT INTO `usuarios` (`IDUSER`, `PASSWORD`, `NOMBRE`, `APELLIDOS`, `EMAIL`, `ULTIMA_CONEXION`) VALUES
('client1', '12345', 'Sebastian', 'Faranna', 'sebastianfaranna@gmail.com', NULL),
('client2', '12345', 'Luis Miguel', 'Sánchez', 'luismi.sanchez1@gmail.com', NULL),
('client3', '12345', 'Ruben', 'García', 'garcia.benito.ruben@gmail.com', NULL);
COMMIT;

/*!40101 SET CHARACTER_SET_CLIENT=@OLD_CHARACTER_SET_CLIENT */;
/*!40101 SET CHARACTER_SET_RESULTS=@OLD_CHARACTER_SET_RESULTS */;
/*!40101 SET COLLATION_CONNECTION=@OLD_COLLATION_CONNECTION */;
